{"cameraMode":{"drawMode":0,"name":"Shaded","section":"Shading Mode"},"sceneLighting":true,"audioPlay":false,"sceneViewState":{"showFog":true,"showMaterialUpdate":false,"showSkybox":true,"showFlares":true,"showImageEffects":true,"showParticleSystems":true},"in2DMode":false,"pivot":{"x":6.438851356506348,"y":-4.715344429016113,"z":38.14332580566406},"rotation":{"x":0.06974580883979798,"y":0.05234837532043457,"z":-0.003661975497379899,"w":0.9961902499198914},"size":40.505462646484378,"orthographic":false}