{"cameraMode":{"drawMode":0,"name":"Shaded","section":"Shading Mode"},"sceneLighting":true,"audioPlay":false,"sceneViewState":{"showFog":true,"showMaterialUpdate":false,"showSkybox":true,"showFlares":true,"showImageEffects":true,"showParticleSystems":true},"in2DMode":false,"pivot":{"x":-0.9895288944244385,"y":0.002778172492980957,"z":1.192701816558838},"rotation":{"x":0.16585077345371247,"y":-0.5703237652778626,"z":0.11888210475444794,"w":0.795676589012146},"size":2.7323477268218996,"orthographic":false}